{"COUNT": [[65.10084173738697, 99.99], [68.54917471066489, 99.99], [42.147713325422934, 99.99], [72.72411894049084, 99.99], [30.922070098513654, 99.99]], "SUM": [[81.77532247015189, 99.99], [61.40121430490929, 99.99], [50.426184347515886, 99.99], [40.713824915833456, 99.99], [90.46722686862687, 99.99]], "AVG": [[85.50856532468529, 99.99], [59.649930359792165, 99.99], [67.43633365439103, 99.99], [34.15327277588925, 99.99], [6.358727116070871, 99.99]]}