{"COUNT": [[168.57760988711868, 188.4776098871187], [8.722718015318023, 28.622718015318025], [26.947116800061806, 46.84711680006181], [68.6282327612724, 88.5282327612724], [14.000180269775873, 33.90018026977587], [66.71082715324692, 86.61082715324693], [3.191552339645792, 23.091552339645794], [6.095274908254546, 25.995274908254547], [122.8003380533868, 142.7003380533868], [76.70910069745193, 96.60910069745194], [130.74480896274693, 150.64480896274694], [178.2172560115154, 198.1172560115154], [177.49077222250082, 197.39077222250083], [163.53629288028003, 183.43629288028004], [164.91266325651534, 184.81266325651535]], "SUM": [[178.20000553430307, 198.10000553430308], [129.9422653844086, 149.84226538440862], [82.01384291456695, 101.91384291456696], [133.5791262421216, 153.4791262421216], [58.376784289591136, 78.27678428959113], [41.40359130557878, 61.30359130557878], [137.77266715322335, 157.67266715322336], [10.8116846885738, 30.711684688573804], [21.70534722863188, 41.605347228631885], [124.60498244902962, 144.50498244902963], [69.19267880059043, 89.09267880059043], [49.64681395859811, 69.54681395859811], [167.57801604322836, 187.47801604322837], [170.8561347037342, 190.7561347037342], [108.26431590232383, 128.16431590232384]], "AVG": [[158.49232102775184, 178.39232102775185], [25.432492032065948, 45.33249203206595], [143.73927486953588, 163.63927486953588], [26.120507193462373, 46.02050719346238], [46.69118257209788, 66.59118257209788], [6.045129144383202, 25.945129144383202], [20.613179075259463, 40.513179075259465], [170.0522386527116, 189.9522386527116], [134.55712866761957, 154.45712866761957], [106.68729851941924, 126.58729851941925], [99.35840590341853, 119.25840590341853], [120.11093079450698, 140.01093079450698], [123.67919573240748, 143.57919573240747], [124.08854903303494, 143.98854903303493], [25.853637568414204, 45.753637568414206]]}