{"COUNT": [[76.69471875451624, 96.59471875451625], [77.99764303799479, 97.8976430379948], [86.92798723219198, 106.82798723219199], [72.31905360278384, 92.21905360278384], [121.77988806750449, 141.6798880675045], [112.25211515922948, 132.15211515922948], [175.65045159912947, 195.55045159912947], [149.8315898051433, 169.7315898051433], [45.151077811581686, 65.05107781158169], [13.651407087310375, 33.55140708731038], [170.87296977591896, 190.77296977591897], [154.5930045852279, 174.4930045852279], [24.9400968455153, 44.840096845515305], [104.71665997659488, 124.61665997659489], [116.03068870087515, 135.93068870087515]], "SUM": [[10.780003152243069, 30.68000315224307], [172.65673508726073, 192.55673508726073], [87.11599674560892, 107.01599674560893], [174.2062198375689, 194.10621983756891], [124.792656074434, 144.692656074434], [160.28253742623718, 180.1825374262372], [11.194848634555592, 31.094848634555596], [147.48640955350072, 167.38640955350073], [170.2017312794585, 190.1017312794585], [99.84582083023098, 119.74582083023098], [136.16383690832419, 156.0638369083242], [5.674149973333589, 25.57414997333359], [63.52848686728141, 83.4284868672814], [170.68588726196984, 190.58588726196984], [123.95121186922906, 143.85121186922905]], "AVG": [[103.50858954873738, 123.40858954873738], [1.942355786691642, 21.842355786691645], [131.69708322266644, 151.59708322266644], [163.1902639530937, 183.0902639530937], [163.20672073280278, 183.10672073280278], [179.93109937867953, 199.83109937867954], [174.81971622741352, 194.71971622741353], [74.19331650124907, 94.09331650124908], [103.42937233527869, 123.32937233527869], [59.57881075029273, 79.47881075029274], [164.4846709217364, 184.38467092173642], [22.536697831363984, 42.436697831363986], [89.32780019817758, 109.22780019817759], [129.35790373171602, 149.25790373171603], [61.88671043316169, 81.78671043316169]]}