{"COUNT": [[25.63269158053304, 27.62269158053304], [9.737272778463044, 11.727272778463044], [62.62576931890987, 64.61576931890987], [128.1816088075545, 130.17160880755452], [98.28673517523673, 100.27673517523672], [127.03669510286512, 129.02669510286512], [85.22982491501087, 87.21982491501086], [125.75193835403978, 127.74193835403977], [79.74617868211935, 81.73617868211934], [75.09996758919206, 77.08996758919206], [144.08698445808375, 146.07698445808376], [76.80415300768635, 78.79415300768635], [61.4833572921981, 63.4733572921981], [184.20731967868954, 186.19731967868955], [125.94289793901365, 127.93289793901364]], "SUM": [[191.93635291077757, 193.92635291077758], [140.36392900794996, 142.35392900794997], [4.687282266732317, 6.677282266732317], [196.64821296113314, 198.63821296113315], [197.75141050312428, 199.74141050312429], [124.45313916953702, 126.44313916953702], [135.81042224531845, 137.80042224531846], [128.4566499741547, 130.4466499741547], [191.00420201343968, 192.9942020134397], [75.04633866748586, 77.03633866748585], [141.1098776786235, 143.0998776786235], [154.00480029281647, 155.99480029281648], [55.865551536766596, 57.8555515367666], [58.92884725863589, 60.91884725863589], [64.9250223996788, 66.91502239967879]], "AVG": [[112.19197089448805, 114.18197089448805], [1.4864686307496537, 3.476468630749654], [36.25762793975654, 38.24762793975654], [135.63876695325814, 137.62876695325815], [65.8122615763615, 67.80226157636149], [30.973425515736345, 32.96342551573635], [112.7542671749429, 114.74426717494289], [63.536083213725085, 65.52608321372509], [41.77747736724788, 43.767477367247885], [98.86428090022324, 100.85428090022323], [117.83858269536009, 119.82858269536008], [18.396971250634074, 20.386971250634073], [142.5602125844033, 144.5502125844033], [109.10349049245909, 111.09349049245908], [69.51555078395184, 71.50555078395183]]}