{"COUNT": [[187.10948083581184, 187.30848083581185], [132.34004801818193, 132.53904801818194], [132.25037759381254, 132.44937759381256], [103.25760869014535, 103.45660869014534], [105.69619903124944, 105.89519903124943], [100.69430796070637, 100.89330796070637], [183.37008604392906, 183.56908604392908], [126.1379561952491, 126.3369561952491], [143.5339256886091, 143.7329256886091], [81.12243939600172, 81.32143939600172], [185.7941949608888, 185.99319496088881], [86.73855984616415, 86.93755984616415], [106.78565387677801, 106.98465387677801], [21.294105717214773, 21.493105717214775], [50.190003266609644, 50.38900326660964]], "SUM": [[185.45869084568912, 185.65769084568913], [1.6649275922372873, 1.8639275922372873], [145.2938834310412, 145.4928834310412], [7.8989347003098445, 8.097934700309844], [168.9880122262618, 169.1870122262618], [104.63599547181622, 104.83499547181621], [92.29491343781434, 92.49391343781434], [44.07268311006117, 44.27168311006117], [168.56653339053918, 168.7655333905392], [158.26614818918108, 158.4651481891811], [87.04071541730518, 87.23971541730518], [68.29340236402983, 68.49240236402983], [113.74236871293225, 113.94136871293225], [2.0562426207213305, 2.2552426207213303], [197.62576653772962, 197.82476653772963]], "AVG": [[15.96821866934169, 16.16721866934169], [17.61066978469745, 17.80966978469745], [59.282197753865006, 59.481197753865004], [127.15936306607631, 127.35836306607631], [117.12061766949795, 117.31961766949794], [48.56387416681921, 48.76287416681921], [176.78567233546678, 176.9846723354668], [165.15157516747777, 165.35057516747779], [193.69064912325692, 193.88964912325693], [56.756961281007186, 56.955961281007184], [83.79099172612665, 83.98999172612665], [162.26549348552368, 162.4644934855237], [51.657773934831, 51.856773934831], [49.33157165432939, 49.530571654329385], [145.29069715371386, 145.48969715371388]]}