{"COUNT": [[98.9144042685304, 198.4144042685304], [79.77245129612108, 179.27245129612106], [44.908132875273566, 144.40813287527357], [70.78600426489596, 170.28600426489595], [87.43475440372023, 186.93475440372023], [42.343149079217994, 141.843149079218], [45.64352521311321, 145.1435252131132], [77.57128385846949, 177.07128385846949], [49.14704818415376, 148.64704818415376], [93.68256127059304, 193.18256127059306], [76.29080810959906, 175.79080810959906], [40.0924264850851, 139.5924264850851], [21.200628888585573, 120.70062888858557], [6.681442466141944, 106.18144246614195], [48.090333389570446, 147.59033338957045]], "SUM": [[46.418247559086325, 145.91824755908632], [64.42308648608557, 163.92308648608557], [81.33717701154774, 180.83717701154774], [39.75326426026311, 139.2532642602631], [78.02759252631554, 177.52759252631554], [88.90195691027675, 188.40195691027674], [8.551393155731347, 108.05139315573135], [26.00949374858932, 125.50949374858932], [17.943153797749442, 117.44315379774945], [54.64414820621432, 154.1441482062143], [7.442065704690876, 106.94206570469088], [94.76520168340946, 194.26520168340946], [35.755110934012066, 135.25511093401207], [85.2141972374607, 184.7141972374607], [23.65439767423055, 123.15439767423055]], "AVG": [[22.840356088849447, 122.34035608884945], [1.6217223915229604, 101.12172239152297], [60.564361222401544, 160.06436122240154], [96.34001807590917, 195.84001807590917], [35.879257399649106, 135.3792573996491], [3.2354966481751375, 102.73549664817514], [34.45637872558501, 133.956378725585], [78.09105894767197, 177.59105894767197], [61.26367997421451, 160.7636799742145], [98.76022593511922, 198.26022593511922], [29.82160253890511, 129.3216025389051], [9.407587393346702, 108.9075873933467], [95.850552940641, 195.350552940641], [15.828968710892417, 115.32896871089241], [80.39018336088456, 179.89018336088458]]}