{"COUNT": [[68.93630691681092, 99.99], [21.887633490387103, 71.3676334903871], [87.34212525247727, 99.99], [7.53578215284422, 57.01578215284422], [24.38217416632668, 73.86217416632668]], "SUM": [[30.169147535703026, 79.64914753570302], [34.452276686497974, 83.93227668649797], [17.053561975117635, 66.53356197511764], [41.14449531749705, 90.62449531749704], [51.80874951171205, 99.99]], "AVG": [[4.133914401048612, 53.61391440104861], [13.926312486151886, 63.40631248615188], [53.57186259305867, 99.99], [87.83450409704092, 99.99], [76.12676722515339, 99.99]]}