{"COUNT": [[81.22771631851518, 91.12371631851518], [5.873107312694531, 15.769107312694532], [9.635186266139048, 19.53118626613905], [16.93021852595743, 26.82621852595743], [28.535052000718462, 38.431052000718466]], "SUM": [[74.61788769857529, 84.51388769857529], [82.1182423289256, 92.0142423289256], [97.22746219108588, 99.99], [53.712389748856644, 63.608389748856645], [82.08869867086678, 91.98469867086678]], "AVG": [[21.754734275436707, 31.650734275436708], [71.43819613654107, 81.33419613654107], [46.96590973036464, 56.861909730364644], [7.147051700154167, 17.043051700154166], [73.1279411469668, 83.0239411469668]]}