{"COUNT": [[165.78445626865474, 165.98334626865474], [82.78442757762511, 82.98331757762512], [58.564191264582156, 58.763081264582155], [9.265342015055502, 9.464232015055503], [23.628652458515628, 23.827542458515627]], "SUM": [[92.71245321938049, 92.9113432193805], [183.39569716290683, 183.59458716290683], [148.255825322077, 148.454715322077], [42.47467331124924, 42.67356331124924], [62.046011887597636, 62.244901887597635]], "AVG": [[52.97767451001073, 53.17656451001073], [196.98745467107256, 197.18634467107256], [156.1838175918138, 156.3827075918138], [86.90696221750804, 87.10585221750804], [92.54504470763327, 92.74393470763327]]}