{"COUNT": [[1.6216614650531, 11.5176614650531], [8.058868842071734, 17.954868842071733], [78.46111369024514, 88.35711369024514], [43.20070733894768, 53.09670733894768], [23.19193288055561, 33.08793288055561]], "SUM": [[91.61969028762414, 99.99], [95.78524373268989, 99.99], [85.470460664615, 95.366460664615], [63.0271572480451, 72.9231572480451], [79.38441227496025, 89.28041227496026]], "AVG": [[62.42497372990401, 72.32097372990401], [63.652920233364, 73.548920233364], [66.28497369558752, 76.18097369558753], [83.78434736153291, 93.68034736153291], [77.82327096096186, 87.71927096096186]]}