{"COUNT": [[101.99852163254734, 121.88752163254733], [11.338800168028028, 31.227800168028025]], "SUM": [[2.602846012197068, 22.491846012197065], [74.2306135137635, 94.1196135137635]], "AVG": [[133.07236254291303, 152.96136254291304], [15.798179994369221, 35.68717999436922]]}