{"COUNT": [[53.947598802395255, 54.93719880239526], [14.049218415636055, 15.038818415636054], [6.274703447159179, 7.264303447159179], [57.69078081663437, 58.680380816634376], [55.67523481249064, 56.664834812490646]], "SUM": [[17.931635082223707, 18.921235082223706], [61.4240351163385, 62.413635116338504], [13.166679411112264, 14.156279411112264], [44.37461907295806, 45.364219072958065], [36.125548072655015, 37.11514807265502]], "AVG": [[65.24271589449447, 66.23231589449446], [79.73134261987789, 80.72094261987789], [58.65394108901564, 59.64354108901564], [30.601358840138772, 31.59095884013877], [43.469291349177325, 44.45889134917733]]}